{
  "version": 2,
  "builds": [
    {
      "src": "index.html",
      "use": "@vercel/static-build",
      "config": {
        "distDir": "dist"
      }
    }
  ],
  "routes": [
    {
      "src": "/(.*)\\.(?:js|css|json|png|jpg|jpeg|gif|svg|webp|ico|txt|map)",
      "headers": {
        "cache-control": "public, max-age=31536000, immutable"
      }
    },
    {
      "handle": "filesystem"
    },
    {
      "src": "/(.*)",
      "dest": "/index.html"
    }
  ],
  "headers": [
    {
      "source": "/manifest.webmanifest",
      "headers": [
        {
          "key": "Content-Type",
          "value": "application/manifest+json"
        }
      ]
    }
  ]
}